hex_signature,text_signature
bce38bd7,tryAggregate(bool,(address,bytes)[])
bce38bd7,tryAggregate(bool,(address,bytes)[])
bce38bd7,tryAggregate(bool,(address,bytes)[])
bce38bd7,tryAggregate(bool,(address,bytes)[])
bce38bd7,tryAggregate(bool,(address,bytes)[])
bce38bd7,tryAggregate(bool,(address,bytes)[])
bce38bd7,tryAggregate(bool,(address,bytes)[])
bce38bd7,tryAggregate(bool,(address,bytes)[])
bce38bd7,tryAggregate(bool,(address,bytes)[])
bce38bd7,tryAggregate(bool,(address,bytes)[])
bce38bd7,tryAggregate(bool,(address,bytes)[])
bce38bd7,tryAggregate(bool,(address,bytes)[])
bce38bd7,tryAggregate(bool,(address,bytes)[])
bce38bd7,tryAggregate(bool,(address,bytes)[])
bce38bd7,tryAggregate(bool,(address,bytes)[])
bce38bd7,tryAggregate(bool,(address,bytes)[])
bce38bd7,tryAggregate(bool,(address,bytes)[])
70a08231,watch_tg_invmru_119a5a98(address,uint256,uint256)
70a08231,watch_tg_invmru_119a5a98(address,uint256,uint256)
0178b8bf,resolver(bytes32)
0178b8bf,resolver(bytes32)
0178b8bf,resolver(bytes32)
0178b8bf,resolver(bytes32)
0178b8bf,resolver(bytes32)
70a08231,watch_tg_invmru_119a5a98(address,uint256,uint256)
70a08231,watch_tg_invmru_119a5a98(address,uint256,uint256)
70a08231,watch_tg_invmru_119a5a98(address,uint256,uint256)
70a08231,watch_tg_invmru_119a5a98(address,uint256,uint256)
70a08231,watch_tg_invmru_119a5a98(address,uint256,uint256)
70a08231,watch_tg_invmru_119a5a98(address,uint256,uint256)
70a08231,watch_tg_invmru_119a5a98(address,uint256,uint256)
70a08231,watch_tg_invmru_119a5a98(address,uint256,uint256)
70a08231,watch_tg_invmru_119a5a98(address,uint256,uint256)
70a08231,watch_tg_invmru_119a5a98(address,uint256,uint256)
70a08231,watch_tg_invmru_119a5a98(address,uint256,uint256)
70a08231,watch_tg_invmru_119a5a98(address,uint256,uint256)
70a08231,watch_tg_invmru_119a5a98(address,uint256,uint256)
70a08231,watch_tg_invmru_119a5a98(address,uint256,uint256)
70a08231,watch_tg_invmru_119a5a98(address,uint256,uint256)
70a08231,watch_tg_invmru_119a5a98(address,uint256,uint256)
70a08231,watch_tg_invmru_119a5a98(address,uint256,uint256)
70a08231,watch_tg_invmru_119a5a98(address,uint256,uint256)
70a08231,watch_tg_invmru_119a5a98(address,uint256,uint256)
70a08231,watch_tg_invmru_119a5a98(address,uint256,uint256)
70a08231,watch_tg_invmru_119a5a98(address,uint256,uint256)
70a08231,watch_tg_invmru_119a5a98(address,uint256,uint256)
70a08231,watch_tg_invmru_119a5a98(address,uint256,uint256)
70a08231,watch_tg_invmru_119a5a98(address,uint256,uint256)
70a08231,watch_tg_invmru_119a5a98(address,uint256,uint256)
70a08231,watch_tg_invmru_119a5a98(address,uint256,uint256)
70a08231,watch_tg_invmru_119a5a98(address,uint256,uint256)
70a08231,watch_tg_invmru_119a5a98(address,uint256,uint256)
70a08231,watch_tg_invmru_119a5a98(address,uint256,uint256)
70a08231,watch_tg_invmru_119a5a98(address,uint256,uint256)
70a08231,watch_tg_invmru_119a5a98(address,uint256,uint256)
70a08231,watch_tg_invmru_119a5a98(address,uint256,uint256)
70a08231,watch_tg_invmru_119a5a98(address,uint256,uint256)
70a08231,watch_tg_invmru_119a5a98(address,uint256,uint256)
70a08231,watch_tg_invmru_119a5a98(address,uint256,uint256)
70a08231,watch_tg_invmru_119a5a98(address,uint256,uint256)
70a08231,watch_tg_invmru_119a5a98(address,uint256,uint256)
70a08231,watch_tg_invmru_119a5a98(address,uint256,uint256)
70a08231,watch_tg_invmru_119a5a98(address,uint256,uint256)
70a08231,watch_tg_invmru_119a5a98(address,uint256,uint256)
70a08231,watch_tg_invmru_119a5a98(address,uint256,uint256)
70a08231,watch_tg_invmru_119a5a98(address,uint256,uint256)
70a08231,watch_tg_invmru_119a5a98(address,uint256,uint256)
70a08231,watch_tg_invmru_119a5a98(address,uint256,uint256)
70a08231,watch_tg_invmru_119a5a98(address,uint256,uint256)
70a08231,watch_tg_invmru_119a5a98(address,uint256,uint256)
70a08231,watch_tg_invmru_119a5a98(address,uint256,uint256)
70a08231,watch_tg_invmru_119a5a98(address,uint256,uint256)
70a08231,watch_tg_invmru_119a5a98(address,uint256,uint256)
70a08231,watch_tg_invmru_119a5a98(address,uint256,uint256)
70a08231,watch_tg_invmru_119a5a98(address,uint256,uint256)
70a08231,watch_tg_invmru_119a5a98(address,uint256,uint256)
70a08231,watch_tg_invmru_119a5a98(address,uint256,uint256)
70a08231,watch_tg_invmru_119a5a98(address,uint256,uint256)
70a08231,watch_tg_invmru_119a5a98(address,uint256,uint256)
70a08231,watch_tg_invmru_119a5a98(address,uint256,uint256)
70a08231,watch_tg_invmru_119a5a98(address,uint256,uint256)
70a08231,watch_tg_invmru_119a5a98(address,uint256,uint256)
70a08231,watch_tg_invmru_119a5a98(address,uint256,uint256)
70a08231,watch_tg_invmru_119a5a98(address,uint256,uint256)
70a08231,watch_tg_invmru_119a5a98(address,uint256,uint256)
70a08231,watch_tg_invmru_119a5a98(address,uint256,uint256)
70a08231,watch_tg_invmru_119a5a98(address,uint256,uint256)
70a08231,watch_tg_invmru_119a5a98(address,uint256,uint256)
70a08231,watch_tg_invmru_119a5a98(address,uint256,uint256)
70a08231,watch_tg_invmru_119a5a98(address,uint256,uint256)
4e1273f4,balanceOfBatch(address[],uint256[])
4e1273f4,balanceOfBatch(address[],uint256[])
4e1273f4,balanceOfBatch(address[],uint256[])
4e1273f4,balanceOfBatch(address[],uint256[])
4e1273f4,balanceOfBatch(address[],uint256[])
4e1273f4,balanceOfBatch(address[],uint256[])
4e1273f4,balanceOfBatch(address[],uint256[])
4e1273f4,balanceOfBatch(address[],uint256[])
4e1273f4,balanceOfBatch(address[],uint256[])
